{"seed": null, "C": {"name": "C", "arr": {"idxs": ["ii"], "arr": [26.523043638131867, 6.652667972542978, 1.7858824197355205]}, "ci": {"min": [2.5, 0.5, 0.1], "max": [250.0, 50.0, 10.0]}, "fitted": [1, 1, 1], "description": "number of partnerships formed per year by each individual"}}