{"seed": null, "C": {"name": "C", "arr": {"idxs": ["ii"], "arr": [21.49837712042148, 6.128559424220131, 1.2598668903143073]}, "ci": {"min": [2.5, 0.5, 0.1], "max": [250.0, 50.0, 10.0]}, "fitted": [1, 1, 1], "description": "number of partnerships formed per year by each individual"}}