{"seed": null, "C": {"name": "C", "arr": {"idxs": ["ii"], "arr": [18.533692008476034, 4.708678929655248, 1.0812430000973077]}, "ci": {"min": [2.5, 0.5, 0.1], "max": [250.0, 50.0, 10.0]}, "fitted": [1, 1, 1], "description": "number of partnerships formed per year by each individual"}}