{
  "(0)-[[.00][0.0][00.]]": {
    "f-beta-h": [ 0.0, 0.8230328931832418, 0.0 ]
  },
  "(1)-[[.0x][0.0][00.]]": {
    "f-beta-h": [ 0.0, 0.5933620258742374, 0.0 ]
  },
  "(2)-[[.ZZ][0.0][00.]]": {
    "f-beta-h": [ 0.0, 0.5894854208214325, 0.0 ]
  },
  "(3)-[[.ZZ][0.x][00.]]": {
    "f-beta-h": [ 0.0, 0.5886433653993974, 0.0 ]
  },
  "(4)-[[.ZZ][0.x][x0.]]": {
    "f-beta-h": [ 0.0, 0.5985361494290822, 0.0 ]
  },
  "(5)-[[.ZZ][0.x][ZZ.]]": {
    "f-beta-h": [ 0.0, 0.5931601238376231, 0.0 ]
  },
  "(6)-[[.ZZ][Z.Z][ZZ.]]": {
    "f-beta-h": [ 0.0, 0.6106198349346523, 0.0 ]
  }
}