{
  "(0)-[[.00][0.0][00.]]": {
    "f-beta-h": [ 0.0, 0.932836830001284, 0.0 ]
  },
  "(1)-[[.0x][0.0][00.]]": {
    "f-beta-h": [ 0.0, 0.6067559890314908, 0.0 ]
  },
  "(2)-[[.ZZ][0.0][00.]]": {
    "f-beta-h": [ 0.0, 0.616371233031898, 0.0 ]
  },
  "(3)-[[.ZZ][0.x][00.]]": {
    "f-beta-h": [ 0.0, 0.5939333376540004, 0.0 ]
  },
  "(4)-[[.ZZ][0.x][x0.]]": {
    "f-beta-h": [ 0.0, 0.6361785069789481, 0.0 ]
  },
  "(5)-[[.ZZ][0.x][ZZ.]]": {
    "f-beta-h": [ 0.0, 0.6153052347237323, 0.0 ]
  },
  "(6)-[[.ZZ][Z.Z][ZZ.]]": {
    "f-beta-h": [ 0.0, 0.6800593311624636, 0.0 ]
  }
}