{
  "(0)-[[.00][0.0][00.]]": {
    "f-beta-h": [ 0.0, 0.6433735726524347, 0.0 ]
  },
  "(1)-[[.0x][0.0][00.]]": {
    "f-beta-h": [ 0.0, 0.7163885521372062, 0.0 ]
  },
  "(2)-[[.ZZ][0.0][00.]]": {
    "f-beta-h": [ 0.0, 0.7041948719762225, 0.0 ]
  },
  "(3)-[[.ZZ][0.x][00.]]": {
    "f-beta-h": [ 0.0, 0.7124990585705789, 0.0 ]
  },
  "(4)-[[.ZZ][0.x][x0.]]": {
    "f-beta-h": [ 0.0, 0.7047463480554789, 0.0 ]
  },
  "(5)-[[.ZZ][0.x][ZZ.]]": {
    "f-beta-h": [ 0.0, 0.7075315488525761, 0.0 ]
  },
  "(6)-[[.ZZ][Z.Z][ZZ.]]": {
    "f-beta-h": [ 0.0, 0.6941269204066723, 0.0 ]
  }
}