{"seed": null, "C": {"name": "C", "arr": {"idxs": ["ii"], "arr": [29.74157124359151, 14.227531885567458, 1.447177233724202]}, "ci": {"min": [2.5, 0.5, 0.1], "max": [250.0, 50.0, 10.0]}, "fitted": [1, 1, 1], "description": "number of partnerships formed per year by each individual"}}