{"seed": null, "C": {"name": "C", "arr": {"idxs": ["ii"], "arr": [24.824933920819607, 8.378206984588909, 1.6306363772830028]}, "ci": {"min": [2.5, 0.5, 0.1], "max": [250.0, 50.0, 10.0]}, "fitted": [1, 1, 1], "description": "number of partnerships formed per year by each individual"}}