{"seed": null, "C": {"name": "C", "arr": {"idxs": ["ii"], "arr": [19.789986537712263, 5.672594607537836, 1.9641647507020077]}, "ci": {"min": [2.5, 0.5, 0.1], "max": [250.0, 50.0, 10.0]}, "fitted": [1, 1, 1], "description": "number of partnerships formed per year by each individual"}}