{"seed": null, "C": {"name": "C", "arr": {"idxs": ["ii"], "arr": [23.50968668734761, 5.551007870253759, 1.560924053341675]}, "ci": {"min": [2.5, 0.5, 0.1], "max": [250.0, 50.0, 10.0]}, "fitted": [1, 1, 1], "description": "number of partnerships formed per year by each individual"}}