{"seed": null, "C": {"name": "C", "arr": {"idxs": ["ii"], "arr": [38.968604843922435, 7.482038514826766, 2.0271901472487674]}, "ci": {"min": [2.5, 0.5, 0.1], "max": [250.0, 50.0, 10.0]}, "fitted": [1, 1, 1], "description": "number of partnerships formed per year by each individual"}}