{"seed": null, "C": {"name": "C", "arr": {"idxs": ["ii"], "arr": [17.8026250708702, 6.998344564979316, 2.9695158756860836]}, "ci": {"min": [2.5, 0.5, 0.1], "max": [250.0, 50.0, 10.0]}, "fitted": [1, 1, 1], "description": "number of partnerships formed per year by each individual"}}