{"seed": null, "C": {"name": "C", "arr": {"idxs": ["ii"], "arr": [19.77832123029389, 5.696548986811859, 1.9735669614475135]}, "ci": {"min": [2.5, 0.5, 0.1], "max": [250.0, 50.0, 10.0]}, "fitted": [1, 1, 1], "description": "number of partnerships formed per year by each individual"}}