{"seed": null, "C": {"name": "C", "arr": {"idxs": ["ii"], "arr": [23.508760635473962, 5.568045034401568, 1.5468350671791735]}, "ci": {"min": [2.5, 0.5, 0.1], "max": [250.0, 50.0, 10.0]}, "fitted": [1, 1, 1], "description": "number of partnerships formed per year by each individual"}}