{"seed": null, "C": {"name": "C", "arr": {"idxs": ["ii"], "arr": [24.31185927366087, 4.298422565240637, 1.0188287188943543]}, "ci": {"min": [2.5, 0.5, 0.1], "max": [250.0, 50.0, 10.0]}, "fitted": [1, 1, 1], "description": "number of partnerships formed per year by each individual"}}