{"seed": null, "C": {"name": "C", "arr": {"idxs": ["ii"], "arr": [20.544064696227515, 3.991663460097309, 0.960786317411026]}, "ci": {"min": [2.5, 0.5, 0.1], "max": [250.0, 50.0, 10.0]}, "fitted": [1, 1, 1], "description": "number of partnerships formed per year by each individual"}}