{"seed": null, "C": {"name": "C", "arr": {"idxs": ["ii"], "arr": [15.28854816407163, 5.417199645376186, 1.7231964499675616]}, "ci": {"min": [2.5, 0.5, 0.1], "max": [250.0, 50.0, 10.0]}, "fitted": [1, 1, 1], "description": "number of partnerships formed per year by each individual"}}